onset	duration	sample	trial_type	epoch	epoch_onset	rejected_fraction
4.0	0	2048	E-I	1	0.0	0.0
12.001953	0	6145	E-I	2	8.001953	0.003398
20.003906	0	10242	E-I	3	16.003906	0.001291
28.005859	0	14339	E-I	4	24.005859	0.005813
36.007812	0	18436	E-I	5	32.007812	0.00738
44.009766	0	22533	E-I	6	40.009766	0.00397
52.011719	0	26630	E-I	7	48.011719	0.0
60.013672	0	30727	E-I	8	56.013672	0.010431
68.015625	0	34824	E-I	9	64.015625	0.000713
76.017578	0	38921	E-I	10	72.017578	0.001953
84.019531	0	43018	E-I	11	80.019531	0.00122
92.021484	0	47115	E-I	12	88.021484	0.000694
100.023438	0	51212	E-I	13	96.023438	0.000443
108.025391	0	55309	E-I	14	104.025391	0.000347
116.027344	0	59406	E-I	15	112.027344	0.003045
124.029297	0	63503	E-I	16	120.029297	0.003064
132.03125	0	67600	E-I	17	128.03125	0.006147
140.033203	0	71697	I-E	18	136.033203	0.0
148.035156	0	75794	I-E	19	144.035156	0.006757
156.037109	0	79891	I-E	20	152.037109	0.000957
164.039062	0	83988	I-E	21	160.039062	0.002961
172.041016	0	88085	I-E	22	168.041016	0.005749
180.042969	0	92182	I-E	23	176.042969	0.002055
188.044922	0	96279	I-E	24	184.044922	0.002955
196.046875	0	100376	I-E	25	192.046875	0.009282
204.048828	0	104473	I-E	26	200.048828	0.004181
212.050781	0	108570	I-E	27	208.050781	0.00221
220.052734	0	112667	I-E	28	216.052734	0.000867
228.054688	0	116764	I-E	29	224.054688	0.000694
236.056641	0	120861	I-E	30	232.056641	0.006308
244.058594	0	124958	I-E	31	240.058594	0.002402
252.060547	0	129055	I-E	32	248.060547	0.003064
260.0625	0	133152	E-I	33	256.0625	0.001047
268.064453	0	137249	E-I	34	264.064453	0.001625
276.066406	0	141346	E-I	35	272.066406	0.001407
284.068359	0	145443	E-I	36	280.068359	0.001786
292.070312	0	149540	E-I	37	288.070312	0.002968
300.072266	0	153637	E-I	38	296.072266	0.002434
308.074219	0	157734	E-I	39	304.074219	0.001445
316.076172	0	161831	E-I	40	312.076172	0.003764
324.078125	0	165928	E-I	41	320.078125	0.000694
332.080078	0	170025	E-I	42	328.080078	0.007714
340.082031	0	174122	E-I	43	336.082031	0.00221
348.083984	0	178219	E-I	44	344.083984	0.0
356.085938	0	182316	E-I	45	352.085938	0.0
364.087891	0	186413	E-I	46	360.087891	0.007817
372.089844	0	190510	E-I	47	368.089844	0.005543
380.091797	0	194607	I-E	48	376.091797	0.0
388.09375	0	198704	I-E	49	384.09375	0.001754
396.095703	0	202801	I-E	50	392.095703	0.013283
404.097656	0	206898	I-E	51	400.097656	0.001053
412.099609	0	210995	I-E	52	408.099609	0.002968
420.101562	0	215092	I-E	53	416.101562	0.003237
428.103516	0	219189	I-E	54	424.103516	0.00765
436.105469	0	223286	I-E	55	432.105469	0.003764
444.107422	0	227383	I-E	56	440.107422	0.002826
452.109375	0	231480	I-E	57	448.109375	0.000398
460.111328	0	235577	I-E	58	456.111328	0.002441
468.113281	0	239674	I-E	59	464.113281	0.000437
476.115234	0	243771	I-E	60	472.115234	0.000649
484.117188	0	247868	I-E	61	480.117188	0.000462
492.119141	0	251965	I-E	62	488.119141	0.001047
500.121094	0	256062	I-E	63	496.121094	0.003847
508.123047	0	260159	I-E	64	504.123047	0.000411
516.125	0	264256	E-I	65	512.125	0.000816
524.126953	0	268353	E-I	66	520.126953	0.001503
532.128906	0	272450	E-I	67	528.128906	0.00765
540.130859	0	276547	E-I	68	536.130859	0.004265
548.132812	0	280644	E-I	69	544.132812	0.005896
556.134766	0	284741	E-I	70	552.134766	0.0
564.136719	0	288838	E-I	71	560.136719	0.003751
572.138672	0	292935	E-I	72	568.138672	0.001522
580.140625	0	297032	E-I	73	576.140625	0.001008
588.142578	0	301129	E-I	74	584.142578	0.0
596.144531	0	305226	E-I	75	592.144531	0.01478
604.146484	0	309323	E-I	76	600.146484	0.004278
612.148438	0	313420	E-I	77	608.148438	0.00878
620.150391	0	317517	E-I	78	616.150391	0.00106
628.152344	0	321614	E-I	79	624.152344	0.002094
636.154297	0	325711	I-E	80	632.154297	0.005357
644.15625	0	329808	I-E	81	640.15625	0.001182
652.158203	0	333905	I-E	82	648.158203	0.00203
660.160156	0	338002	I-E	83	656.160156	0.000353
668.162109	0	342099	I-E	84	664.162109	0.000694
676.164062	0	346196	I-E	85	672.164062	0.003366
684.166016	0	350293	I-E	86	680.166016	0.000739
692.167969	0	354390	I-E	87	688.167969	0.000353
700.169922	0	358487	I-E	88	696.169922	0.0065
708.171875	0	362584	I-E	89	704.171875	0.000707
716.173828	0	366681	I-E	90	712.173828	0.002935
724.175781	0	370778	I-E	91	720.175781	0.00325
732.177734	0	374875	I-E	92	728.177734	0.005402
740.179688	0	378972	I-E	93	736.179688	0.004226
748.181641	0	383069	I-E	94	744.181641	0.003565
756.183594	0	387166	E-I	95	752.183594	0.001574
764.185547	0	391263	E-I	96	760.185547	0.003758
772.1875	0	395360	E-I	97	768.1875	0.006166
780.189453	0	399457	E-I	98	776.189453	0.001702
788.191406	0	403554	E-I	99	784.191406	0.001888
796.193359	0	407651	E-I	100	792.193359	0.005749
804.195312	0	411748	E-I	101	800.195312	0.001041
812.197266	0	415845	E-I	102	808.197266	0.001336
820.199219	0	419942	E-I	103	816.199219	0.000745
828.201172	0	424039	E-I	104	824.201172	0.004021
836.203125	0	428136	E-I	105	832.203125	0.0
844.205078	0	432233	E-I	106	840.205078	0.0
852.207031	0	436330	E-I	107	848.207031	0.002261
860.208984	0	440427	E-I	108	856.208984	0.0
868.210938	0	444524	E-I	109	864.210938	0.007207
876.212891	0	448621	I-E	110	872.212891	0.001041
884.214844	0	452718	I-E	111	880.214844	0.003758
892.216797	0	456815	I-E	112	888.216797	0.008491
900.21875	0	460912	I-E	113	896.21875	0.000899
908.220703	0	465009	I-E	114	904.220703	0.002068
916.222656	0	469106	I-E	115	912.222656	0.001927
924.224609	0	473203	I-E	116	920.224609	0.0
932.226562	0	477300	I-E	117	928.226562	0.001651
940.228516	0	481397	I-E	118	936.228516	0.000739
948.230469	0	485494	I-E	119	944.230469	0.000353
956.232422	0	489591	I-E	120	952.232422	0.000874
964.234375	0	493688	I-E	121	960.234375	0.001105
972.236328	0	497785	I-E	122	968.236328	0.00221
980.238281	0	501882	I-E	123	976.238281	0.003449
988.240234	0	505979	I-E	124	984.240234	0.0
996.242188	0	510076	I-E	125	992.242188	0.005845
1004.244141	0	514173	I-E	126	1000.244141	0.010495
