participant_id	source_id	age	sex	group	n_channels_released	n_trials
sub-P1	P1	n/a	n/a	epilepsy_patient	23	121
sub-P2	P2	n/a	n/a	epilepsy_patient	49	115
sub-P3	P3	n/a	n/a	epilepsy_patient	11	122
sub-P4	P4	n/a	n/a	epilepsy_patient	36	91
sub-P5	P5	n/a	n/a	epilepsy_patient	39	126
sub-P6	P6	n/a	n/a	epilepsy_patient	60	132
sub-P7	P7	n/a	n/a	epilepsy_patient	51	136
sub-P8	P8	n/a	n/a	epilepsy_patient	45	120
sub-P9	P9	n/a	n/a	epilepsy_patient	46	118
sub-P10	P10	n/a	n/a	epilepsy_patient	44	127
sub-P11	P11	n/a	n/a	epilepsy_patient	64	128
sub-P12	P12	n/a	n/a	epilepsy_patient	61	126
sub-P13	P13	n/a	n/a	epilepsy_patient	47	126
sub-P14	P14	n/a	n/a	epilepsy_patient	48	128
sub-P15	P15	n/a	n/a	epilepsy_patient	63	119
sub-P16	P16	n/a	n/a	epilepsy_patient	30	128
sub-P17	P17	n/a	n/a	epilepsy_patient	64	131
sub-P18	P18	n/a	n/a	epilepsy_patient	17	120
sub-P19	P19	n/a	n/a	epilepsy_patient	21	129
sub-P20	P20	n/a	n/a	epilepsy_patient	17	128
sub-P21	P21	n/a	n/a	epilepsy_patient	28	123
sub-P22	P22	n/a	n/a	epilepsy_patient	26	124
sub-P23	P23	n/a	n/a	epilepsy_patient	38	126
sub-P24	P24	n/a	n/a	epilepsy_patient	48	126
sub-P25	P25	n/a	n/a	epilepsy_patient	62	131
