name	x	y	z	size	network
A10-A11	46.69	-9.739999999999998	-21.965	n/a	DMN
A11-A12	50.135000000000005	-10.75	-21.445	n/a	DMN
A12-A13	53.82	-11.545	-20.47	n/a	DMN
A13-A14	57.72	-12.18	-19.335	n/a	DMN
A14-A15	61.55	-12.780000000000001	-18.335	n/a	DMN
B11-B12	46.805	-19.729999999999997	-13.35	n/a	DMN
B12-B13	50.09	-20.025	-10.92	n/a	DMN
B14-B15	57.03	-20.560000000000002	-7.02	n/a	DMN
B15-B16	60.475	-20.895	-5.779999999999999	n/a	DMN
B16-B17	63.980000000000004	-21.295	-4.875	n/a	DMN
B17-B18	67.53999999999999	-21.735	-4.035	n/a	DMN
OF11-OF12	37.894999999999996	39.254999999999995	-13.175	n/a	DMN
OF12-OF13	41.385	39.165	-12.02	n/a	DMN
OF13-OF14	44.98	38.95	-11.01	n/a	DMN
OF15-OF16	51.980000000000004	38.55500000000001	-9.469999999999999	n/a	DMN
CA3-CA4	13.08	35.25	7.955	n/a	DMN
CA4-CA5	16.8	34.64	8.14	n/a	DMN
CA5-CA6	20.405	34.245000000000005	8.385	n/a	DMN
PC2-PC3	6.6	-43.56	27.765	n/a	DMN
PC3-PC4	10.04	-43.379999999999995	27.33	n/a	DMN
PC4-PC5	13.46	-43.26	26.880000000000003	n/a	DMN
PC5-PC6	16.795	-43.185	26.43	n/a	DMN
PC6-PC7	20.0	-43.15	25.97	n/a	DMN
PC7-PC8	23.13	-43.28	25.615	n/a	DMN
PC10-PC11	32.915	-44.48	25.990000000000002	n/a	DMN
PC11-PC12	36.32	-44.75	26.16	n/a	DMN
PC12-PC13	39.760000000000005	-44.765	26.275	n/a	DMN
PC13-PC14	43.230000000000004	-44.459999999999994	26.35	n/a	DMN
PC14-PC15	46.715	-43.985	26.384999999999998	n/a	DMN
PC15-PC16	50.25	-43.620000000000005	26.355	n/a	DMN
PC16-PC17	53.885	-43.53	26.295	n/a	DMN
PC17-PC18	57.64	-43.620000000000005	26.255	n/a	DMN
R3-R4	5.970000000000001	35.379999999999995	-18.785	n/a	DMN
R4-R5	6.365	35.644999999999996	-14.805	n/a	DMN
R5-R6	6.575	36.03	-10.82	n/a	DMN
R6-R7	6.76	36.57	-6.765000000000001	n/a	DMN
R7-R8	7.140000000000001	37.125	-2.8	n/a	DMN
R8-R9	7.725	37.67	1.1	n/a	DMN
R9-R10	8.54	38.195	4.970000000000001	n/a	DMN
R10-R11	9.530000000000001	38.735	8.865	n/a	DMN
R11-R12	10.52	39.47	12.8	n/a	DMN
R12-R13	11.455	40.42	16.705	n/a	DMN
R13-R14	12.39	41.535	20.685000000000002	n/a	DMN
R14-R15	13.14	42.790000000000006	24.615000000000002	n/a	DMN
R15-R16	13.43	44.055	28.355	n/a	DMN
R16-R17	13.32	45.19	31.905	n/a	DMN
R17-R18	13.16	46.26	35.394999999999996	n/a	DMN
L6-L7	17.525	30.535	34.03	n/a	DMN
L7-L8	19.424999999999997	30.990000000000002	37.295	n/a	DMN
L8-L9	21.314999999999998	31.46	40.45	n/a	DMN
L9-L10	23.34	31.924999999999997	43.49	n/a	DMN
CM11-CM12	40.765	2.08	36.35	n/a	DAN
CM12-CM13	44.835	1.775	36.085	n/a	DAN
CM13-CM14	48.93	1.62	35.79	n/a	DAN
M5-M6	19.284999999999997	-13.695	54.19	n/a	DAN
M6-M7	22.915	-13.835	55.269999999999996	n/a	DAN
M7-M8	26.54	-14.485	56.235	n/a	DAN
M8-M9	30.06	-15.29	57.209999999999994	n/a	DAN
M9-M10	33.519999999999996	-15.7	58.285	n/a	DAN
SM6-SM7	21.815	6.005	64.085	n/a	DAN
SM7-SM8	24.950000000000003	5.79	65.625	n/a	DAN
Q8-Q9	16.505000000000003	-47.29	64.235	n/a	DAN
Q9-Q10	18.205	-47.739999999999995	67.24	n/a	DAN
