name	type	units	low_cutoff	high_cutoff	notch	sampling_frequency	network	status	status_description
Bd7-Bd8	SEEG	µV	0.1	n/a	50	512.0	DMN	good	bipolar derivation (deeper contact minus its neighbour) as released
Cd9-Cd10	SEEG	µV	0.1	n/a	50	512.0	DMN	good	bipolar derivation (deeper contact minus its neighbour) as released
Cd10-Cd11	SEEG	µV	0.1	n/a	50	512.0	DMN	good	bipolar derivation (deeper contact minus its neighbour) as released
Td2-Td3	SEEG	µV	0.1	n/a	50	512.0	DMN	good	bipolar derivation (deeper contact minus its neighbour) as released
Td3-Td4	SEEG	µV	0.1	n/a	50	512.0	DMN	good	bipolar derivation (deeper contact minus its neighbour) as released
Rd1-Rd2	SEEG	µV	0.1	n/a	50	512.0	DMN	good	bipolar derivation (deeper contact minus its neighbour) as released
Rd2-Rd3	SEEG	µV	0.1	n/a	50	512.0	DMN	good	bipolar derivation (deeper contact minus its neighbour) as released
Rd3-Rd4	SEEG	µV	0.1	n/a	50	512.0	DMN	good	bipolar derivation (deeper contact minus its neighbour) as released
Rd8-Rd9	SEEG	µV	0.1	n/a	50	512.0	DMN	good	bipolar derivation (deeper contact minus its neighbour) as released
Rd9-Rd10	SEEG	µV	0.1	n/a	50	512.0	DMN	good	bipolar derivation (deeper contact minus its neighbour) as released
Gd5-Gd6	SEEG	µV	0.1	n/a	50	512.0	DMN	good	bipolar derivation (deeper contact minus its neighbour) as released
Gd6-Gd7	SEEG	µV	0.1	n/a	50	512.0	DMN	good	bipolar derivation (deeper contact minus its neighbour) as released
Ld1-Ld2	SEEG	µV	0.1	n/a	50	512.0	DMN	good	bipolar derivation (deeper contact minus its neighbour) as released
Ld2-Ld3	SEEG	µV	0.1	n/a	50	512.0	DMN	good	bipolar derivation (deeper contact minus its neighbour) as released
Ld3-Ld4	SEEG	µV	0.1	n/a	50	512.0	DMN	good	bipolar derivation (deeper contact minus its neighbour) as released
Bs1-Bs2	SEEG	µV	0.1	n/a	50	512.0	DMN	good	bipolar derivation (deeper contact minus its neighbour) as released
Bs2-Bs3	SEEG	µV	0.1	n/a	50	512.0	DMN	good	bipolar derivation (deeper contact minus its neighbour) as released
Bs9-Bs10	SEEG	µV	0.1	n/a	50	512.0	DMN	good	bipolar derivation (deeper contact minus its neighbour) as released
Bs10-Bs11	SEEG	µV	0.1	n/a	50	512.0	DMN	good	bipolar derivation (deeper contact minus its neighbour) as released
Bs11-Bs12	SEEG	µV	0.1	n/a	50	512.0	DMN	good	bipolar derivation (deeper contact minus its neighbour) as released
Bs12-Bs13	SEEG	µV	0.1	n/a	50	512.0	DMN	good	bipolar derivation (deeper contact minus its neighbour) as released
Bs13-Bs14	SEEG	µV	0.1	n/a	50	512.0	DMN	good	bipolar derivation (deeper contact minus its neighbour) as released
Sd3-Sd4	SEEG	µV	0.1	n/a	50	512.0	DAN	good	bipolar derivation (deeper contact minus its neighbour) as released
Sd6-Sd7	SEEG	µV	0.1	n/a	50	512.0	DAN	good	bipolar derivation (deeper contact minus its neighbour) as released
Gd7-Gd8	SEEG	µV	0.1	n/a	50	512.0	DAN	good	bipolar derivation (deeper contact minus its neighbour) as released
Gd8-Gd9	SEEG	µV	0.1	n/a	50	512.0	DAN	good	bipolar derivation (deeper contact minus its neighbour) as released
Gd9-Gd10	SEEG	µV	0.1	n/a	50	512.0	DAN	good	bipolar derivation (deeper contact minus its neighbour) as released
Gd10-Gd11	SEEG	µV	0.1	n/a	50	512.0	DAN	good	bipolar derivation (deeper contact minus its neighbour) as released
Ld4-Ld5	SEEG	µV	0.1	n/a	50	512.0	DAN	good	bipolar derivation (deeper contact minus its neighbour) as released
Ld5-Ld6	SEEG	µV	0.1	n/a	50	512.0	DAN	good	bipolar derivation (deeper contact minus its neighbour) as released
Ld6-Ld7	SEEG	µV	0.1	n/a	50	512.0	DAN	good	bipolar derivation (deeper contact minus its neighbour) as released
Ld7-Ld8	SEEG	µV	0.1	n/a	50	512.0	DAN	good	bipolar derivation (deeper contact minus its neighbour) as released
Ld8-Ld9	SEEG	µV	0.1	n/a	50	512.0	DAN	good	bipolar derivation (deeper contact minus its neighbour) as released
Ld9-Ld10	SEEG	µV	0.1	n/a	50	512.0	DAN	good	bipolar derivation (deeper contact minus its neighbour) as released
Ld10-Ld11	SEEG	µV	0.1	n/a	50	512.0	DAN	good	bipolar derivation (deeper contact minus its neighbour) as released
Yd16-Yd17	SEEG	µV	0.1	n/a	50	512.0	DAN	good	bipolar derivation (deeper contact minus its neighbour) as released
Yd17-Yd18	SEEG	µV	0.1	n/a	50	512.0	DAN	good	bipolar derivation (deeper contact minus its neighbour) as released
Bs4-Bs5	SEEG	µV	0.1	n/a	50	512.0	DAN	good	bipolar derivation (deeper contact minus its neighbour) as released
Bs5-Bs6	SEEG	µV	0.1	n/a	50	512.0	DAN	good	bipolar derivation (deeper contact minus its neighbour) as released
Ss3-Ss4	SEEG	µV	0.1	n/a	50	512.0	DAN	good	bipolar derivation (deeper contact minus its neighbour) as released
Ss5-Ss6	SEEG	µV	0.1	n/a	50	512.0	DAN	good	bipolar derivation (deeper contact minus its neighbour) as released
Ss6-Ss7	SEEG	µV	0.1	n/a	50	512.0	DAN	good	bipolar derivation (deeper contact minus its neighbour) as released
Ss7-Ss8	SEEG	µV	0.1	n/a	50	512.0	DAN	good	bipolar derivation (deeper contact minus its neighbour) as released
Ss8-Ss9	SEEG	µV	0.1	n/a	50	512.0	DAN	good	bipolar derivation (deeper contact minus its neighbour) as released
Ss9-Ss10	SEEG	µV	0.1	n/a	50	512.0	DAN	good	bipolar derivation (deeper contact minus its neighbour) as released
